membership_id,player_id,club_id,season,position,market_value_eur
manuel_neuer_bayern_munich_2025_26,manuel_neuer,bayern_munich,2025-26,Goalkeeper,4000000
sven_ulreich_bayern_munich_2025_26,sven_ulreich,bayern_munich,2025-26,Goalkeeper,500000
jonas_urbig_bayern_munich_2025_26,jonas_urbig,bayern_munich,2025-26,Goalkeeper,18000000
alphonso_davies_bayern_munich_2025_26,alphonso_davies,bayern_munich,2025-26,Defender,40000000
raphael_guerreiro_bayern_munich_2025_26,raphael_guerreiro,bayern_munich,2025-26,Defender,5000000
hiroki_ito_bayern_munich_2025_26,hiroki_ito,bayern_munich,2025-26,Defender,18000000
cassiano_kiala_bayern_munich_2025_26,cassiano_kiala,bayern_munich,2025-26,Defender,2000000
min_jae_kim_bayern_munich_2025_26,min_jae_kim,bayern_munich,2025-26,Defender,20000000
deniz_ofli_bayern_munich_2025_26,deniz_ofli,bayern_munich,2025-26,Defender,2000000
josip_stanisic_bayern_munich_2025_26,josip_stanisic,bayern_munich,2025-26,Defender,40000000
jonathan_tah_bayern_munich_2025_26,jonathan_tah,bayern_munich,2025-26,Defender,28000000
dayot_upamecano_bayern_munich_2025_26,dayot_upamecano,bayern_munich,2025-26,Defender,70000000
tom_bischof_bayern_munich_2025_26,tom_bischof,bayern_munich,2025-26,Midfielder,40000000
maycon_cardozo_bayern_munich_2025_26,maycon_cardozo,bayern_munich,2025-26,Midfielder,3000000
david_daiber_bayern_munich_2025_26,david_daiber,bayern_munich,2025-26,Midfielder,3000000
leon_goretzka_bayern_munich_2025_26,leon_goretzka,bayern_munich,2025-26,Midfielder,12000000
lennart_karl_bayern_munich_2025_26,lennart_karl,bayern_munich,2025-26,Midfielder,60000000
joshua_kimmich_bayern_munich_2025_26,joshua_kimmich,bayern_munich,2025-26,Midfielder,35000000
konrad_laimer_bayern_munich_2025_26,konrad_laimer,bayern_munich,2025-26,Midfielder,32000000
wisdom_mike_bayern_munich_2025_26,wisdom_mike,bayern_munich,2025-26,Midfielder,5000000
jamal_musiala_bayern_munich_2025_26,jamal_musiala,bayern_munich,2025-26,Midfielder,100000000
bara_ndiaye_bayern_munich_2025_26,bara_ndiaye,bayern_munich,2025-26,Midfielder,4000000
michael_olise_bayern_munich_2025_26,michael_olise,bayern_munich,2025-26,Midfielder,150000000
erblin_osmani_bayern_munich_2025_26,erblin_osmani,bayern_munich,2025-26,Midfielder,2000000
aleksandar_pavlovic_bayern_munich_2025_26,aleksandar_pavlovic,bayern_munich,2025-26,Midfielder,90000000
luis_diaz_bayern_munich_2025_26,luis_diaz,bayern_munich,2025-26,Forward,70000000
serge_gnabry_bayern_munich_2025_26,serge_gnabry,bayern_munich,2025-26,Forward,18000000
nicolas_jackson_bayern_munich_2025_26,nicolas_jackson,bayern_munich,2025-26,Forward,40000000
harry_kane_bayern_munich_2025_26,harry_kane,bayern_munich,2025-26,Forward,60000000
gregor_kobel_borussia_dortmund_2025_26,gregor_kobel,borussia_dortmund,2025-26,Goalkeeper,40000000
waldemar_anton_borussia_dortmund_2025_26,waldemar_anton,borussia_dortmund,2025-26,Defender,18000000
ramy_bensebaini_borussia_dortmund_2025_26,ramy_bensebaini,borussia_dortmund,2025-26,Defender,7000000
yan_couto_borussia_dortmund_2025_26,yan_couto,borussia_dortmund,2025-26,Defender,17000000
almugera_kabar_borussia_dortmund_2025_26,almugera_kabar,borussia_dortmund,2025-26,Defender,3000000
filippo_mane_borussia_dortmund_2025_26,filippo_mane,borussia_dortmund,2025-26,Defender,2500000
luca_reggiani_borussia_dortmund_2025_26,luca_reggiani,borussia_dortmund,2025-26,Defender,10000000
julian_ryerson_borussia_dortmund_2025_26,julian_ryerson,borussia_dortmund,2025-26,Defender,25000000
nico_schlotterbeck_borussia_dortmund_2025_26,nico_schlotterbeck,borussia_dortmund,2025-26,Defender,55000000
niklas_sule_borussia_dortmund_2025_26,niklas_sule,borussia_dortmund,2025-26,Defender,4000000
jobe_bellingham_borussia_dortmund_2025_26,jobe_bellingham,borussia_dortmund,2025-26,Midfielder,40000000
julian_brandt_borussia_dortmund_2025_26,julian_brandt,borussia_dortmund,2025-26,Midfielder,15000000
emre_can_borussia_dortmund_2025_26,emre_can,borussia_dortmund,2025-26,Midfielder,3000000
carney_chukwuemeka_borussia_dortmund_2025_26,carney_chukwuemeka,borussia_dortmund,2025-26,Midfielder,20000000
samuele_inacio_borussia_dortmund_2025_26,samuele_inacio,borussia_dortmund,2025-26,Midfielder,15000000
felix_nmecha_borussia_dortmund_2025_26,felix_nmecha,borussia_dortmund,2025-26,Midfielder,50000000
salih_ozcan_borussia_dortmund_2025_26,salih_ozcan,borussia_dortmund,2025-26,Midfielder,3500000
marcel_sabitzer_borussia_dortmund_2025_26,marcel_sabitzer,borussia_dortmund,2025-26,Midfielder,6000000
daniel_svensson_borussia_dortmund_2025_26,daniel_svensson,borussia_dortmund,2025-26,Midfielder,22000000
karim_adeyemi_borussia_dortmund_2025_26,karim_adeyemi,borussia_dortmund,2025-26,Forward,40000000
mathis_albert_borussia_dortmund_2025_26,mathis_albert,borussia_dortmund,2025-26,Forward,300000
maximilian_beier_borussia_dortmund_2025_26,maximilian_beier,borussia_dortmund,2025-26,Forward,40000000
serhou_guirassy_borussia_dortmund_2025_26,serhou_guirassy,borussia_dortmund,2025-26,Forward,32000000
fabio_silva_borussia_dortmund_2025_26,fabio_silva,borussia_dortmund,2025-26,Forward,22000000
peter_gulacsi_rb_leipzig_2025_26,peter_gulacsi,rb_leipzig,2025-26,Goalkeeper,1000000
maarten_vandevoordt_rb_leipzig_2025_26,maarten_vandevoordt,rb_leipzig,2025-26,Goalkeeper,15000000
leopold_zingerle_rb_leipzig_2025_26,leopold_zingerle,rb_leipzig,2025-26,Goalkeeper,300000
el_chadaille_bitshiabu_rb_leipzig_2025_26,el_chadaille_bitshiabu,rb_leipzig,2025-26,Defender,18000000
max_finkgrafe_rb_leipzig_2025_26,max_finkgrafe,rb_leipzig,2025-26,Defender,5000000
benjamin_henrichs_rb_leipzig_2025_26,benjamin_henrichs,rb_leipzig,2025-26,Defender,7000000
lukas_klostermann_rb_leipzig_2025_26,lukas_klostermann,rb_leipzig,2025-26,Defender,3500000
castello_lukeba_rb_leipzig_2025_26,castello_lukeba,rb_leipzig,2025-26,Defender,50000000
kosta_nedeljkovic_rb_leipzig_2025_26,kosta_nedeljkovic,rb_leipzig,2025-26,Defender,6000000
willi_orban_rb_leipzig_2025_26,willi_orban,rb_leipzig,2025-26,Defender,5000000
david_raum_rb_leipzig_2025_26,david_raum,rb_leipzig,2025-26,Defender,25000000
ridle_baku_rb_leipzig_2025_26,ridle_baku,rb_leipzig,2025-26,Midfielder,12000000
christoph_baumgartner_rb_leipzig_2025_26,christoph_baumgartner,rb_leipzig,2025-26,Midfielder,40000000
andrija_maksimovic_rb_leipzig_2025_26,andrija_maksimovic,rb_leipzig,2025-26,Midfielder,9000000
assan_ouedraogo_rb_leipzig_2025_26,assan_ouedraogo,rb_leipzig,2025-26,Midfielder,28000000
xaver_schlager_rb_leipzig_2025_26,xaver_schlager,rb_leipzig,2025-26,Midfielder,10000000
nicolas_seiwald_rb_leipzig_2025_26,nicolas_seiwald,rb_leipzig,2025-26,Midfielder,25000000
johan_bakayoko_rb_leipzig_2025_26,johan_bakayoko,rb_leipzig,2025-26,Forward,20000000
ezechiel_banzuzi_rb_leipzig_2025_26,ezechiel_banzuzi,rb_leipzig,2025-26,Forward,16000000
yan_diomande_rb_leipzig_2025_26,yan_diomande,rb_leipzig,2025-26,Forward,90000000
tidiam_gomis_rb_leipzig_2025_26,tidiam_gomis,rb_leipzig,2025-26,Forward,5000000
brajan_gruda_rb_leipzig_2025_26,brajan_gruda,rb_leipzig,2025-26,Forward,28000000
conrad_harder_rb_leipzig_2025_26,conrad_harder,rb_leipzig,2025-26,Forward,17000000
samba_konate_rb_leipzig_2025_26,samba_konate,rb_leipzig,2025-26,Forward,1000000
antonio_nusa_rb_leipzig_2025_26,antonio_nusa,rb_leipzig,2025-26,Forward,32000000
romulo_cardoso_rb_leipzig_2025_26,romulo_cardoso,rb_leipzig,2025-26,Forward,30000000
alexander_nubel_vfb_stuttgart_2025_26,alexander_nubel,vfb_stuttgart,2025-26,Goalkeeper,12000000
fabian_bredlow_vfb_stuttgart_2025_26,fabian_bredlow,vfb_stuttgart,2025-26,Goalkeeper,700000
stefan_drljaca_vfb_stuttgart_2025_26,stefan_drljaca,vfb_stuttgart,2025-26,Goalkeeper,300000
florian_hellstern_vfb_stuttgart_2025_26,florian_hellstern,vfb_stuttgart,2025-26,Goalkeeper,2500000
ameen_al_dakhil_vfb_stuttgart_2025_26,ameen_al_dakhil,vfb_stuttgart,2025-26,Defender,3000000
lorenz_assignon_vfb_stuttgart_2025_26,lorenz_assignon,vfb_stuttgart,2025-26,Defender,9000000
jeff_chabot_vfb_stuttgart_2025_26,jeff_chabot,vfb_stuttgart,2025-26,Defender,15000000
ramon_hendriks_vfb_stuttgart_2025_26,ramon_hendriks,vfb_stuttgart,2025-26,Defender,25000000
maximilian_herwerth_vfb_stuttgart_2025_26,maximilian_herwerth,vfb_stuttgart,2025-26,Defender,500000
luca_jaquez_vfb_stuttgart_2025_26,luca_jaquez,vfb_stuttgart,2025-26,Defender,10000000
finn_jeltsch_vfb_stuttgart_2025_26,finn_jeltsch,vfb_stuttgart,2025-26,Defender,35000000
maximilian_mittelstadt_vfb_stuttgart_2025_26,maximilian_mittelstadt,vfb_stuttgart,2025-26,Defender,18000000
nikolas_nartey_vfb_stuttgart_2025_26,nikolas_nartey,vfb_stuttgart,2025-26,Defender,10000000
pascal_stenzel_vfb_stuttgart_2025_26,pascal_stenzel,vfb_stuttgart,2025-26,Defender,1200000
josha_vagnoman_vfb_stuttgart_2025_26,josha_vagnoman,vfb_stuttgart,2025-26,Defender,10000000
dan_axel_zagadou_vfb_stuttgart_2025_26,dan_axel_zagadou,vfb_stuttgart,2025-26,Defender,2000000
chema_andres_vfb_stuttgart_2025_26,chema_andres,vfb_stuttgart,2025-26,Midfielder,20000000
mirza_catovic_vfb_stuttgart_2025_26,mirza_catovic,vfb_stuttgart,2025-26,Midfielder,3000000
bilal_el_khannouss_vfb_stuttgart_2025_26,bilal_el_khannouss,vfb_stuttgart,2025-26,Midfielder,35000000
lazar_jovanovic_vfb_stuttgart_2025_26,lazar_jovanovic,vfb_stuttgart,2025-26,Midfielder,3500000
atakan_karazor_vfb_stuttgart_2025_26,atakan_karazor,vfb_stuttgart,2025-26,Midfielder,8000000
christopher_olivier_vfb_stuttgart_2025_26,christopher_olivier,vfb_stuttgart,2025-26,Midfielder,1000000
lauri_penna_vfb_stuttgart_2025_26,lauri_penna,vfb_stuttgart,2025-26,Midfielder,400000
yanik_spalt_vfb_stuttgart_2025_26,yanik_spalt,vfb_stuttgart,2025-26,Midfielder,750000
angelo_stiller_vfb_stuttgart_2025_26,angelo_stiller,vfb_stuttgart,2025-26,Midfielder,45000000
badredine_bouanani_vfb_stuttgart_2025_26,badredine_bouanani,vfb_stuttgart,2025-26,Forward,10000000
ermedin_demirovic_vfb_stuttgart_2025_26,ermedin_demirovic,vfb_stuttgart,2025-26,Forward,22000000
justin_diehl_vfb_stuttgart_2025_26,justin_diehl,vfb_stuttgart,2025-26,Forward,1800000
chris_fuhrich_vfb_stuttgart_2025_26,chris_fuhrich,vfb_stuttgart,2025-26,Forward,12000000
jeremy_arevalo_vfb_stuttgart_2025_26,jeremy_arevalo,vfb_stuttgart,2025-26,Forward,7000000
jamie_leweling_vfb_stuttgart_2025_26,jamie_leweling,vfb_stuttgart,2025-26,Forward,40000000
tiago_tomas_vfb_stuttgart_2025_26,tiago_tomas,vfb_stuttgart,2025-26,Forward,15000000
deniz_undav_vfb_stuttgart_2025_26,deniz_undav,vfb_stuttgart,2025-26,Forward,22000000
oliver_baumann_hoffenheim_2025_26,oliver_baumann,hoffenheim,2025-26,Goalkeeper,2500000
luca_philipp_hoffenheim_2025_26,luca_philipp,hoffenheim,2025-26,Goalkeeper,750000
kevin_akpoguma_hoffenheim_2025_26,kevin_akpoguma,hoffenheim,2025-26,Defender,1500000
bernardo_hoffenheim_2025_26,bernardo,hoffenheim,2025-26,Defender,4000000
vladimir_coufal_hoffenheim_2025_26,vladimir_coufal,hoffenheim,2025-26,Defender,2500000
kelven_frees_hoffenheim_2025_26,kelven_frees,hoffenheim,2025-26,Defender,300000
valentin_gendrey_hoffenheim_2025_26,valentin_gendrey,hoffenheim,2025-26,Defender,6000000
albian_hajdari_hoffenheim_2025_26,albian_hajdari,hoffenheim,2025-26,Defender,25000000
robin_hranac_hoffenheim_2025_26,robin_hranac,hoffenheim,2025-26,Defender,10000000
ozan_kabak_hoffenheim_2025_26,ozan_kabak,hoffenheim,2025-26,Defender,15000000
leon_avdullahu_hoffenheim_2025_26,leon_avdullahu,hoffenheim,2025-26,Midfielder,30000000
ihlas_bebou_hoffenheim_2025_26,ihlas_bebou,hoffenheim,2025-26,Midfielder,600000
wouter_burger_hoffenheim_2025_26,wouter_burger,hoffenheim,2025-26,Midfielder,20000000
muhammed_damar_hoffenheim_2025_26,muhammed_damar,hoffenheim,2025-26,Midfielder,5000000
luka_djuric_hoffenheim_2025_26,luka_djuric,hoffenheim,2025-26,Midfielder,450000
valentin_lassig_hoffenheim_2025_26,valentin_lassig,hoffenheim,2025-26,Midfielder,700000
florian_micheler_hoffenheim_2025_26,florian_micheler,hoffenheim,2025-26,Midfielder,500000
alexander_prass_hoffenheim_2025_26,alexander_prass,hoffenheim,2025-26,Midfielder,9000000
grischa_promel_hoffenheim_2025_26,grischa_promel,hoffenheim,2025-26,Midfielder,3500000
bazoumana_toure_hoffenheim_2025_26,bazoumana_toure,hoffenheim,2025-26,Midfielder,40000000
fisnik_asllani_hoffenheim_2025_26,fisnik_asllani,hoffenheim,2025-26,Forward,35000000
cole_campbell_hoffenheim_2025_26,cole_campbell,hoffenheim,2025-26,Forward,5000000
yannick_eduardo_hoffenheim_2025_26,yannick_eduardo,hoffenheim,2025-26,Forward,2500000
adam_hlozek_hoffenheim_2025_26,adam_hlozek,hoffenheim,2025-26,Forward,10000000
andrej_kramaric_hoffenheim_2025_26,andrej_kramaric,hoffenheim,2025-26,Forward,2500000
tim_lemperle_hoffenheim_2025_26,tim_lemperle,hoffenheim,2025-26,Forward,17000000
max_moerstedt_hoffenheim_2025_26,max_moerstedt,hoffenheim,2025-26,Forward,7000000
janis_blaswich_bayer_leverkusen_2025_26,janis_blaswich,bayer_leverkusen,2025-26,Goalkeeper,700000
mark_flekken_bayer_leverkusen_2025_26,mark_flekken,bayer_leverkusen,2025-26,Goalkeeper,8000000
niklas_lomb_bayer_leverkusen_2025_26,niklas_lomb,bayer_leverkusen,2025-26,Goalkeeper,250000
jonas_omlin_bayer_leverkusen_2025_26,jonas_omlin,bayer_leverkusen,2025-26,Goalkeeper,1500000
jesper_schlich_bayer_leverkusen_2025_26,jesper_schlich,bayer_leverkusen,2025-26,Goalkeeper,NULL
arthur_bayer_leverkusen_2025_26,arthur,bayer_leverkusen,2025-26,Defender,7000000
loic_bade_bayer_leverkusen_2025_26,loic_bade,bayer_leverkusen,2025-26,Defender,25000000
alejandro_grimaldo_bayer_leverkusen_2025_26,alejandro_grimaldo,bayer_leverkusen,2025-26,Defender,24000000
tim_oermann_bayer_leverkusen_2025_26,tim_oermann,bayer_leverkusen,2025-26,Defender,4000000
jarell_quansah_bayer_leverkusen_2025_26,jarell_quansah,bayer_leverkusen,2025-26,Defender,45000000
edmond_tapsoba_bayer_leverkusen_2025_26,edmond_tapsoba,bayer_leverkusen,2025-26,Defender,35000000
lucas_vazquez_bayer_leverkusen_2025_26,lucas_vazquez,bayer_leverkusen,2025-26,Defender,2500000
robert_andrich_bayer_leverkusen_2025_26,robert_andrich,bayer_leverkusen,2025-26,Midfielder,7000000
montrell_culbreath_bayer_leverkusen_2025_26,montrell_culbreath,bayer_leverkusen,2025-26,Midfielder,5000000
ezequiel_fernandez_bayer_leverkusen_2025_26,ezequiel_fernandez,bayer_leverkusen,2025-26,Midfielder,22000000
aleix_garcia_bayer_leverkusen_2025_26,aleix_garcia,bayer_leverkusen,2025-26,Midfielder,20000000
jonas_hofmann_bayer_leverkusen_2025_26,jonas_hofmann,bayer_leverkusen,2025-26,Midfielder,2000000
ibrahim_maza_bayer_leverkusen_2025_26,ibrahim_maza,bayer_leverkusen,2025-26,Midfielder,40000000
jeremiah_mensah_bayer_leverkusen_2025_26,jeremiah_mensah,bayer_leverkusen,2025-26,Midfielder,2000000
exequiel_palacios_bayer_leverkusen_2025_26,exequiel_palacios,bayer_leverkusen,2025-26,Midfielder,30000000
axel_tape_bayer_leverkusen_2025_26,axel_tape,bayer_leverkusen,2025-26,Midfielder,8000000
nathan_tella_bayer_leverkusen_2025_26,nathan_tella,bayer_leverkusen,2025-26,Midfielder,15000000
malik_tillman_bayer_leverkusen_2025_26,malik_tillman,bayer_leverkusen,2025-26,Midfielder,30000000
eliesse_ben_seghir_bayer_leverkusen_2025_26,eliesse_ben_seghir,bayer_leverkusen,2025-26,Forward,20000000
christian_kofane_bayer_leverkusen_2025_26,christian_kofane,bayer_leverkusen,2025-26,Forward,40000000
ernest_poku_bayer_leverkusen_2025_26,ernest_poku,bayer_leverkusen,2025-26,Forward,18000000
patrik_schick_bayer_leverkusen_2025_26,patrik_schick,bayer_leverkusen,2025-26,Forward,20000000
martin_terrier_bayer_leverkusen_2025_26,martin_terrier,bayer_leverkusen,2025-26,Forward,12000000
noah_atubolu_freiburg_2025_26,noah_atubolu,freiburg,2025-26,Goalkeeper,20000000
florian_muller_freiburg_2025_26,florian_muller,freiburg,2025-26,Goalkeeper,1200000
matthias_ginter_freiburg_2025_26,matthias_ginter,freiburg,2025-26,Defender,6000000
christian_gunter_freiburg_2025_26,christian_gunter,freiburg,2025-26,Defender,2000000
anthony_jung_freiburg_2025_26,anthony_jung,freiburg,2025-26,Defender,700000
lukas_kubler_freiburg_2025_26,lukas_kubler,freiburg,2025-26,Defender,1500000
philipp_lienhart_freiburg_2025_26,philipp_lienhart,freiburg,2025-26,Defender,12000000
jordy_makengo_freiburg_2025_26,jordy_makengo,freiburg,2025-26,Defender,6000000
bruno_ogbus_freiburg_2025_26,bruno_ogbus,freiburg,2025-26,Defender,10000000
max_rosenfelder_freiburg_2025_26,max_rosenfelder,freiburg,2025-26,Defender,6000000
philipp_treu_freiburg_2025_26,philipp_treu,freiburg,2025-26,Defender,10000000
jan_niklas_beste_freiburg_2025_26,jan_niklas_beste,freiburg,2025-26,Midfielder,7000000
maximilian_eggestein_freiburg_2025_26,maximilian_eggestein,freiburg,2025-26,Midfielder,10000000
vincenzo_grifo_freiburg_2025_26,vincenzo_grifo,freiburg,2025-26,Midfielder,5000000
nicolas_hofler_freiburg_2025_26,nicolas_hofler,freiburg,2025-26,Midfielder,500000
johan_manzambi_freiburg_2025_26,johan_manzambi,freiburg,2025-26,Midfielder,35000000
patrick_osterhage_freiburg_2025_26,patrick_osterhage,freiburg,2025-26,Midfielder,12000000
maximilian_philipp_freiburg_2025_26,maximilian_philipp,freiburg,2025-26,Midfielder,600000
rouven_tarnutzer_freiburg_2025_26,rouven_tarnutzer,freiburg,2025-26,Midfielder,175000
lucas_holer_freiburg_2025_26,lucas_holer,freiburg,2025-26,Forward,3000000
cyriaque_irie_freiburg_2025_26,cyriaque_irie,freiburg,2025-26,Forward,8000000
igor_matanovic_freiburg_2025_26,igor_matanovic,freiburg,2025-26,Forward,10000000
derry_scherhant_freiburg_2025_26,derry_scherhant,freiburg,2025-26,Forward,6000000
yuito_suzuki_freiburg_2025_26,yuito_suzuki,freiburg,2025-26,Forward,18000000
kaua_santos_eintracht_frankfurt_2025_26,kaua_santos,eintracht_frankfurt,2025-26,Goalkeeper,7000000
michael_zetterer_eintracht_frankfurt_2025_26,michael_zetterer,eintracht_frankfurt,2025-26,Goalkeeper,4000000
jens_grahl_eintracht_frankfurt_2025_26,jens_grahl,eintracht_frankfurt,2025-26,Goalkeeper,200000
aurele_amenda_eintracht_frankfurt_2025_26,aurele_amenda,eintracht_frankfurt,2025-26,Defender,10000000
elias_baum_eintracht_frankfurt_2025_26,elias_baum,eintracht_frankfurt,2025-26,Defender,4000000
nathaniel_brown_eintracht_frankfurt_2025_26,nathaniel_brown,eintracht_frankfurt,2025-26,Defender,40000000
timothy_chandler_eintracht_frankfurt_2025_26,timothy_chandler,eintracht_frankfurt,2025-26,Defender,350000
nnamdi_collins_eintracht_frankfurt_2025_26,nnamdi_collins,eintracht_frankfurt,2025-26,Defender,20000000
robin_koch_eintracht_frankfurt_2025_26,robin_koch,eintracht_frankfurt,2025-26,Defender,10000000
rasmus_kristensen_eintracht_frankfurt_2025_26,rasmus_kristensen,eintracht_frankfurt,2025-26,Defender,10000000
arthur_theate_eintracht_frankfurt_2025_26,arthur_theate,eintracht_frankfurt,2025-26,Defender,17000000
love_arrhov_eintracht_frankfurt_2025_26,love_arrhov,eintracht_frankfurt,2025-26,Midfielder,5000000
jean_matteo_bahoya_eintracht_frankfurt_2025_26,jean_matteo_bahoya,eintracht_frankfurt,2025-26,Midfielder,25000000
mahmoud_dahoud_eintracht_frankfurt_2025_26,mahmoud_dahoud,eintracht_frankfurt,2025-26,Midfielder,2000000
ritsu_doan_eintracht_frankfurt_2025_26,ritsu_doan,eintracht_frankfurt,2025-26,Midfielder,17000000
mario_gotze_eintracht_frankfurt_2025_26,mario_gotze,eintracht_frankfurt,2025-26,Midfielder,3000000
oscar_hojlund_eintracht_frankfurt_2025_26,oscar_hojlund,eintracht_frankfurt,2025-26,Midfielder,15000000
hugo_larsson_eintracht_frankfurt_2025_26,hugo_larsson,eintracht_frankfurt,2025-26,Midfielder,28000000
ellyes_skhiri_eintracht_frankfurt_2025_26,ellyes_skhiri,eintracht_frankfurt,2025-26,Midfielder,5000000
can_yilmaz_uzun_eintracht_frankfurt_2025_26,can_yilmaz_uzun,eintracht_frankfurt,2025-26,Midfielder,45000000
marvin_dills_eintracht_frankfurt_2025_26,marvin_dills,eintracht_frankfurt,2025-26,Midfielder,800000
ayoube_amaimouni_eintracht_frankfurt_2025_26,ayoube_amaimouni,eintracht_frankfurt,2025-26,Forward,10000000
michy_batshuayi_eintracht_frankfurt_2025_26,michy_batshuayi,eintracht_frankfurt,2025-26,Forward,2000000
jonathan_burkardt_eintracht_frankfurt_2025_26,jonathan_burkardt,eintracht_frankfurt,2025-26,Forward,30000000
fares_chaibi_eintracht_frankfurt_2025_26,fares_chaibi,eintracht_frankfurt,2025-26,Forward,15000000
younes_ebnoutalib_eintracht_frankfurt_2025_26,younes_ebnoutalib,eintracht_frankfurt,2025-26,Forward,8000000
arnaud_kalimuendo_eintracht_frankfurt_2025_26,arnaud_kalimuendo,eintracht_frankfurt,2025-26,Forward,25000000
ansgar_knauff_eintracht_frankfurt_2025_26,ansgar_knauff,eintracht_frankfurt,2025-26,Forward,15000000
alexander_staff_eintracht_frankfurt_2025_26,alexander_staff,eintracht_frankfurt,2025-26,Forward,1000000
finn_dahmen_augsburg_2025_26,finn_dahmen,augsburg,2025-26,Goalkeeper,12000000
daniel_klein_augsburg_2025_26,daniel_klein,augsburg,2025-26,Goalkeeper,150000
nediljko_labrovic_augsburg_2025_26,nediljko_labrovic,augsburg,2025-26,Goalkeeper,2000000
arthur_chaves_augsburg_2025_26,arthur_chaves,augsburg,2025-26,Defender,5000000
noahkai_banks_augsburg_2025_26,noahkai_banks,augsburg,2025-26,Defender,15000000
dimitrios_giannoulis_augsburg_2025_26,dimitrios_giannoulis,augsburg,2025-26,Defender,3000000
jeffrey_gouweleeuw_augsburg_2025_26,jeffrey_gouweleeuw,augsburg,2025-26,Defender,1000000
chrislain_matsima_augsburg_2025_26,chrislain_matsima,augsburg,2025-26,Defender,22000000
mads_pedersen_augsburg_2025_26,mads_pedersen,augsburg,2025-26,Defender,1000000
keven_schlotterbeck_augsburg_2025_26,keven_schlotterbeck,augsburg,2025-26,Defender,6000000
tim_schnitzer_augsburg_2025_26,tim_schnitzer,augsburg,2025-26,Defender,500000
oliver_sorg_augsburg_2025_26,oliver_sorg,augsburg,2025-26,Defender,400000
marius_wolf_augsburg_2025_26,marius_wolf,augsburg,2025-26,Defender,2500000
cedric_zesiger_augsburg_2025_26,cedric_zesiger,augsburg,2025-26,Defender,5000000
robin_fellhauer_augsburg_2025_26,robin_fellhauer,augsburg,2025-26,Midfielder,2500000
ismael_gharbi_augsburg_2025_26,ismael_gharbi,augsburg,2025-26,Midfielder,7000000
kristijan_jakic_augsburg_2025_26,kristijan_jakic,augsburg,2025-26,Midfielder,6000000
yannik_keitel_augsburg_2025_26,yannik_keitel,augsburg,2025-26,Midfielder,2000000
mert_komur_augsburg_2025_26,mert_komur,augsburg,2025-26,Midfielder,12000000
han_noah_massengo_augsburg_2025_26,han_noah_massengo,augsburg,2025-26,Midfielder,5000000
elvis_rexhbecaj_augsburg_2025_26,elvis_rexhbecaj,augsburg,2025-26,Midfielder,3500000
alexis_claude_maurice_augsburg_2025_26,alexis_claude_maurice,augsburg,2025-26,Forward,12000000
michael_gregoritsch_augsburg_2025_26,michael_gregoritsch,augsburg,2025-26,Forward,1500000
anton_kade_augsburg_2025_26,anton_kade,augsburg,2025-26,Forward,7500000
uchenna_ogundu_augsburg_2025_26,uchenna_ogundu,augsburg,2025-26,Forward,4000000
rodrigo_ribeiro_augsburg_2025_26,rodrigo_ribeiro,augsburg,2025-26,Forward,2500000
fabian_rieder_augsburg_2025_26,fabian_rieder,augsburg,2025-26,Forward,8000000
daniel_batz_mainz_2025_26,daniel_batz,mainz,2025-26,Goalkeeper,350000
lasse_riess_mainz_2025_26,lasse_riess,mainz,2025-26,Goalkeeper,500000
robin_zentner_mainz_2025_26,robin_zentner,mainz,2025-26,Goalkeeper,2500000
stefan_bell_mainz_2025_26,stefan_bell,mainz,2025-26,Defender,600000
anthony_caci_mainz_2025_26,anthony_caci,mainz,2025-26,Defender,7000000
andreas_hanche_olsen_mainz_2025_26,andreas_hanche_olsen,mainz,2025-26,Defender,3500000
maxim_leitsch_mainz_2025_26,maxim_leitsch,mainz,2025-26,Defender,800000
lennard_maloney_mainz_2025_26,lennard_maloney,mainz,2025-26,Defender,2500000
phillipp_mwene_mainz_2025_26,phillipp_mwene,mainz,2025-26,Defender,1500000
stefan_posch_mainz_2025_26,stefan_posch,mainz,2025-26,Defender,6000000
kacper_potulski_mainz_2025_26,kacper_potulski,mainz,2025-26,Defender,18000000
nikolas_veratschnig_mainz_2025_26,nikolas_veratschnig,mainz,2025-26,Defender,2500000
silvan_widmer_mainz_2025_26,silvan_widmer,mainz,2025-26,Defender,800000
danny_da_costa_mainz_2025_26,danny_da_costa,mainz,2025-26,Defender,1200000
nadiem_amiri_mainz_2025_26,nadiem_amiri,mainz,2025-26,Midfielder,17000000
sota_kawasaki_mainz_2025_26,sota_kawasaki,mainz,2025-26,Midfielder,2000000
dominik_kohr_mainz_2025_26,dominik_kohr,mainz,2025-26,Midfielder,2000000
jae_sung_lee_mainz_2025_26,jae_sung_lee,mainz,2025-26,Midfielder,2000000
paul_nebel_mainz_2025_26,paul_nebel,mainz,2025-26,Midfielder,18000000
kaishu_sano_mainz_2025_26,kaishu_sano,mainz,2025-26,Midfielder,40000000
sheraldo_becker_mainz_2025_26,sheraldo_becker,mainz,2025-26,Forward,1500000
william_boving_mainz_2025_26,william_boving,mainz,2025-26,Forward,3500000
benedict_hollerbach_mainz_2025_26,benedict_hollerbach,mainz,2025-26,Forward,8000000
fabio_moreno_fell_mainz_2025_26,fabio_moreno_fell,mainz,2025-26,Forward,300000
armindo_sieb_mainz_2025_26,armindo_sieb,mainz,2025-26,Forward,2500000
silas_mainz_2025_26,silas,mainz,2025-26,Forward,2000000
phillip_tietz_mainz_2025_26,phillip_tietz,mainz,2025-26,Forward,4000000
nelson_weiper_mainz_2025_26,nelson_weiper,mainz,2025-26,Forward,7000000
carl_klaus_union_berlin_2025_26,carl_klaus,union_berlin,2025-26,Goalkeeper,350000
matheo_raab_union_berlin_2025_26,matheo_raab,union_berlin,2025-26,Goalkeeper,600000
frederik_ronnow_union_berlin_2025_26,frederik_ronnow,union_berlin,2025-26,Goalkeeper,2000000
tom_wisbereit_union_berlin_2025_26,tom_wisbereit,union_berlin,2025-26,Goalkeeper,NULL
danilho_doekhi_union_berlin_2025_26,danilho_doekhi,union_berlin,2025-26,Defender,13000000
josip_juranovic_union_berlin_2025_26,josip_juranovic,union_berlin,2025-26,Defender,2000000
derrick_kohn_union_berlin_2025_26,derrick_kohn,union_berlin,2025-26,Defender,4000000
diogo_leite_union_berlin_2025_26,diogo_leite,union_berlin,2025-26,Defender,12000000
stanley_nsoki_union_berlin_2025_26,stanley_nsoki,union_berlin,2025-26,Defender,2000000
leopold_querfeld_union_berlin_2025_26,leopold_querfeld,union_berlin,2025-26,Defender,20000000
tom_rothe_union_berlin_2025_26,tom_rothe,union_berlin,2025-26,Defender,10000000
christopher_trimmel_union_berlin_2025_26,christopher_trimmel,union_berlin,2025-26,Defender,600000
andrik_markgraf_union_berlin_2025_26,andrik_markgraf,union_berlin,2025-26,Defender,300000
janik_haberer_union_berlin_2025_26,janik_haberer,union_berlin,2025-26,Midfielder,2000000
woo_yeong_jeong_union_berlin_2025_26,woo_yeong_jeong,union_berlin,2025-26,Midfielder,3500000
aljoscha_kemlein_union_berlin_2025_26,aljoscha_kemlein,union_berlin,2025-26,Midfielder,12000000
rani_khedira_union_berlin_2025_26,rani_khedira,union_berlin,2025-26,Midfielder,2000000
alex_kral_union_berlin_2025_26,alex_kral,union_berlin,2025-26,Midfielder,2500000
andras_schafer_union_berlin_2025_26,andras_schafer,union_berlin,2025-26,Midfielder,4500000
david_preu_union_berlin_2025_26,david_preu,union_berlin,2025-26,Midfielder,400000
ilyas_ansah_union_berlin_2025_26,ilyas_ansah,union_berlin,2025-26,Forward,12000000
dmytro_bogdanov_union_berlin_2025_26,dmytro_bogdanov,union_berlin,2025-26,Forward,800000
livan_burcu_union_berlin_2025_26,livan_burcu,union_berlin,2025-26,Forward,4000000
oliver_burke_union_berlin_2025_26,oliver_burke,union_berlin,2025-26,Forward,3000000
linus_guther_union_berlin_2025_26,linus_guther,union_berlin,2025-26,Forward,1000000
andrej_ilic_union_berlin_2025_26,andrej_ilic,union_berlin,2025-26,Forward,9000000
tim_skarke_union_berlin_2025_26,tim_skarke,union_berlin,2025-26,Forward,1500000
robert_skov_union_berlin_2025_26,robert_skov,union_berlin,2025-26,Forward,2000000
moritz_nicolas_borussia_monchengladbach_2025_26,moritz_nicolas,borussia_monchengladbach,2025-26,Goalkeeper,8000000
jan_olschowsky_borussia_monchengladbach_2025_26,jan_olschowsky,borussia_monchengladbach,2025-26,Goalkeeper,450000
tiago_pereira_cardoso_borussia_monchengladbach_2025_26,tiago_pereira_cardoso,borussia_monchengladbach,2025-26,Goalkeeper,1500000
tobias_sippel_borussia_monchengladbach_2025_26,tobias_sippel,borussia_monchengladbach,2025-26,Goalkeeper,300000
fabio_cristian_chiarodia_borussia_monchengladbach_2025_26,fabio_cristian_chiarodia,borussia_monchengladbach,2025-26,Defender,3000000
kevin_diks_borussia_monchengladbach_2025_26,kevin_diks,borussia_monchengladbach,2025-26,Defender,5000000
nico_elvedi_borussia_monchengladbach_2025_26,nico_elvedi,borussia_monchengladbach,2025-26,Defender,8000000
marvin_friedrich_borussia_monchengladbach_2025_26,marvin_friedrich,borussia_monchengladbach,2025-26,Defender,1800000
joe_scally_borussia_monchengladbach_2025_26,joe_scally,borussia_monchengladbach,2025-26,Defender,7000000
veit_stange_borussia_monchengladbach_2025_26,veit_stange,borussia_monchengladbach,2025-26,Defender,150000
kota_takai_borussia_monchengladbach_2025_26,kota_takai,borussia_monchengladbach,2025-26,Defender,5000000
lukas_ullrich_borussia_monchengladbach_2025_26,lukas_ullrich,borussia_monchengladbach,2025-26,Defender,6000000
simon_walde_borussia_monchengladbach_2025_26,simon_walde,borussia_monchengladbach,2025-26,Defender,200000
hugo_bolin_borussia_monchengladbach_2025_26,hugo_bolin,borussia_monchengladbach,2025-26,Midfielder,6000000
jens_castrop_borussia_monchengladbach_2025_26,jens_castrop,borussia_monchengladbach,2025-26,Midfielder,10000000
yannik_engelhardt_borussia_monchengladbach_2025_26,yannik_engelhardt,borussia_monchengladbach,2025-26,Midfielder,7000000
wael_mohya_borussia_monchengladbach_2025_26,wael_mohya,borussia_monchengladbach,2025-26,Midfielder,17000000
florian_neuhaus_borussia_monchengladbach_2025_26,florian_neuhaus,borussia_monchengladbach,2025-26,Midfielder,2500000
rocco_reitz_borussia_monchengladbach_2025_26,rocco_reitz,borussia_monchengladbach,2025-26,Midfielder,20000000
giovanni_reyna_borussia_monchengladbach_2025_26,giovanni_reyna,borussia_monchengladbach,2025-26,Midfielder,4000000
philipp_sander_borussia_monchengladbach_2025_26,philipp_sander,borussia_monchengladbach,2025-26,Midfielder,4000000
kevin_stoger_borussia_monchengladbach_2025_26,kevin_stoger,borussia_monchengladbach,2025-26,Midfielder,1800000
niklas_swider_borussia_monchengladbach_2025_26,niklas_swider,borussia_monchengladbach,2025-26,Midfielder,250000
fritz_fleck_borussia_monchengladbach_2025_26,fritz_fleck,borussia_monchengladbach,2025-26,Forward,300000
robin_hack_borussia_monchengladbach_2025_26,robin_hack,borussia_monchengladbach,2025-26,Forward,7000000
franck_honorat_borussia_monchengladbach_2025_26,franck_honorat,borussia_monchengladbach,2025-26,Forward,7000000
tim_kleindienst_borussia_monchengladbach_2025_26,tim_kleindienst,borussia_monchengladbach,2025-26,Forward,8000000
shuto_machino_borussia_monchengladbach_2025_26,shuto_machino,borussia_monchengladbach,2025-26,Forward,4000000
alejo_sarco_borussia_monchengladbach_2025_26,alejo_sarco,borussia_monchengladbach,2025-26,Forward,2000000
haris_tabakovic_borussia_monchengladbach_2025_26,haris_tabakovic,borussia_monchengladbach,2025-26,Forward,3500000
jan_urbich_borussia_monchengladbach_2025_26,jan_urbich,borussia_monchengladbach,2025-26,Forward,300000
hannes_hermann_hamburg_2025_26,hannes_hermann,hamburg,2025-26,Goalkeeper,150000
daniel_heuer_fernandes_hamburg_2025_26,daniel_heuer_fernandes,hamburg,2025-26,Goalkeeper,1200000
sander_tangvik_hamburg_2025_26,sander_tangvik,hamburg,2025-26,Goalkeeper,3000000
giorgi_gocholeishvili_hamburg_2025_26,giorgi_gocholeishvili,hamburg,2025-26,Defender,2000000
noah_katterbach_hamburg_2025_26,noah_katterbach,hamburg,2025-26,Defender,600000
louis_lemke_hamburg_2025_26,louis_lemke,hamburg,2025-26,Defender,300000
william_mikelbrencis_hamburg_2025_26,william_mikelbrencis,hamburg,2025-26,Defender,3000000
miro_muheim_hamburg_2025_26,miro_muheim,hamburg,2025-26,Defender,5000000
shafiq_nandja_hamburg_2025_26,shafiq_nandja,hamburg,2025-26,Defender,500000
warmed_omari_hamburg_2025_26,warmed_omari,hamburg,2025-26,Defender,4000000
alexander_rossing_lelesiit_hamburg_2025_26,alexander_rossing_lelesiit,hamburg,2025-26,Defender,5000000
jordan_torunarigha_hamburg_2025_26,jordan_torunarigha,hamburg,2025-26,Defender,4000000
luka_vuskovic_hamburg_2025_26,luka_vuskovic,hamburg,2025-26,Defender,60000000
nicolas_capaldo_hamburg_2025_26,nicolas_capaldo,hamburg,2025-26,Midfielder,8000000
daniel_elfadli_hamburg_2025_26,daniel_elfadli,hamburg,2025-26,Midfielder,3000000
albert_gronbaek_hamburg_2025_26,albert_gronbaek,hamburg,2025-26,Midfielder,5000000
albert_sambi_lokonga_hamburg_2025_26,albert_sambi_lokonga,hamburg,2025-26,Midfielder,12000000
omar_megeed_hamburg_2025_26,omar_megeed,hamburg,2025-26,Midfielder,150000
nicolai_remberg_hamburg_2025_26,nicolai_remberg,hamburg,2025-26,Midfielder,9000000
fabio_vieira_hamburg_2025_26,fabio_vieira,hamburg,2025-26,Midfielder,18000000
fabio_balde_hamburg_2025_26,fabio_balde,hamburg,2025-26,Forward,5000000
jean_luc_dompe_hamburg_2025_26,jean_luc_dompe,hamburg,2025-26,Forward,2500000
damion_downs_hamburg_2025_26,damion_downs,hamburg,2025-26,Forward,4000000
robert_glatzel_hamburg_2025_26,robert_glatzel,hamburg,2025-26,Forward,1500000
bakery_jatta_hamburg_2025_26,bakery_jatta,hamburg,2025-26,Forward,1000000
ransford_konigsdorffer_hamburg_2025_26,ransford_konigsdorffer,hamburg,2025-26,Forward,5000000
philip_otele_hamburg_2025_26,philip_otele,hamburg,2025-26,Forward,4000000
rayan_philippe_hamburg_2025_26,rayan_philippe,hamburg,2025-26,Forward,4000000
yussuf_poulsen_hamburg_2025_26,yussuf_poulsen,hamburg,2025-26,Forward,1000000
otto_stange_hamburg_2025_26,otto_stange,hamburg,2025-26,Forward,4000000
matthias_kobbing_cologne_2025_26,matthias_kobbing,cologne,2025-26,Goalkeeper,100000
marvin_schwabe_cologne_2025_26,marvin_schwabe,cologne,2025-26,Goalkeeper,3000000
ron_robert_zieler_cologne_2025_26,ron_robert_zieler,cologne,2025-26,Goalkeeper,500000
dominique_heintz_cologne_2025_26,dominique_heintz,cologne,2025-26,Defender,600000
kristoffer_lund_cologne_2025_26,kristoffer_lund,cologne,2025-26,Defender,4000000
cenk_ozkacar_cologne_2025_26,cenk_ozkacar,cologne,2025-26,Defender,4000000
joel_schmied_cologne_2025_26,joel_schmied,cologne,2025-26,Defender,3000000
sebastian_sebulonsen_cologne_2025_26,sebastian_sebulonsen,cologne,2025-26,Defender,5500000
jahmai_simpson_pusey_cologne_2025_26,jahmai_simpson_pusey,cologne,2025-26,Defender,9000000
rav_van_den_berg_cologne_2025_26,rav_van_den_berg,cologne,2025-26,Defender,7000000
alessio_castro_montes_cologne_2025_26,alessio_castro_montes,cologne,2025-26,Midfielder,2500000
felipe_chavez_cologne_2025_26,felipe_chavez,cologne,2025-26,Midfielder,4000000
said_el_mala_cologne_2025_26,said_el_mala,cologne,2025-26,Midfielder,45000000
denis_huseinbasic_cologne_2025_26,denis_huseinbasic,cologne,2025-26,Midfielder,2000000
isak_johannesson_cologne_2025_26,isak_johannesson,cologne,2025-26,Midfielder,8000000
florian_kainz_cologne_2025_26,florian_kainz,cologne,2025-26,Midfielder,1000000
jakub_kaminski_cologne_2025_26,jakub_kaminski,cologne,2025-26,Midfielder,17000000
tom_krauss_cologne_2025_26,tom_krauss,cologne,2025-26,Midfielder,4500000
eric_martel_cologne_2025_26,eric_martel,cologne,2025-26,Midfielder,8000000
fynn_schenten_cologne_2025_26,fynn_schenten,cologne,2025-26,Midfielder,1000000
ragnar_ache_cologne_2025_26,ragnar_ache,cologne,2025-26,Forward,9000000
marius_bulter_cologne_2025_26,marius_bulter,cologne,2025-26,Forward,1800000
linton_maina_cologne_2025_26,linton_maina,cologne,2025-26,Forward,3000000
cenny_neumann_cologne_2025_26,cenny_neumann,cologne,2025-26,Forward,75000
jan_thielmann_cologne_2025_26,jan_thielmann,cologne,2025-26,Forward,5000000
luca_waldschmidt_cologne_2025_26,luca_waldschmidt,cologne,2025-26,Forward,2000000
mio_backhaus_werder_bremen_2025_26,mio_backhaus,werder_bremen,2025-26,Goalkeeper,12000000
karl_hein_werder_bremen_2025_26,karl_hein,werder_bremen,2025-26,Goalkeeper,3000000
felix_agu_werder_bremen_2025_26,felix_agu,werder_bremen,2025-26,Defender,6000000
karim_coulibaly_werder_bremen_2025_26,karim_coulibaly,werder_bremen,2025-26,Defender,22000000
marco_friedl_werder_bremen_2025_26,marco_friedl,werder_bremen,2025-26,Defender,12000000
julian_malatini_werder_bremen_2025_26,julian_malatini,werder_bremen,2025-26,Defender,2000000
amos_pieper_werder_bremen_2025_26,amos_pieper,werder_bremen,2025-26,Defender,4000000
mick_schmetgens_werder_bremen_2025_26,mick_schmetgens,werder_bremen,2025-26,Defender,700000
niklas_stark_werder_bremen_2025_26,niklas_stark,werder_bremen,2025-26,Defender,3500000
yukinari_sugawara_werder_bremen_2025_26,yukinari_sugawara,werder_bremen,2025-26,Defender,7500000
maximilian_wober_werder_bremen_2025_26,maximilian_wober,werder_bremen,2025-26,Defender,3000000
leonardo_bittencourt_werder_bremen_2025_26,leonardo_bittencourt,werder_bremen,2025-26,Midfielder,1200000
patrice_covic_werder_bremen_2025_26,patrice_covic,werder_bremen,2025-26,Midfielder,4000000
olivier_deman_werder_bremen_2025_26,olivier_deman,werder_bremen,2025-26,Midfielder,3000000
senne_lynen_werder_bremen_2025_26,senne_lynen,werder_bremen,2025-26,Midfielder,10000000
cameron_puertas_werder_bremen_2025_26,cameron_puertas,werder_bremen,2025-26,Midfielder,8000000
romano_schmid_werder_bremen_2025_26,romano_schmid,werder_bremen,2025-26,Midfielder,15000000
jens_stage_werder_bremen_2025_26,jens_stage,werder_bremen,2025-26,Midfielder,14000000
victor_boniface_werder_bremen_2025_26,victor_boniface,werder_bremen,2025-26,Forward,5000000
marco_grull_werder_bremen_2025_26,marco_grull,werder_bremen,2025-26,Forward,6000000
samuel_mbangula_werder_bremen_2025_26,samuel_mbangula,werder_bremen,2025-26,Forward,10000000
jovan_milosevic_werder_bremen_2025_26,jovan_milosevic,werder_bremen,2025-26,Forward,7000000
salim_musah_werder_bremen_2025_26,salim_musah,werder_bremen,2025-26,Forward,500000
justin_njinmah_werder_bremen_2025_26,justin_njinmah,werder_bremen,2025-26,Forward,7000000
isaac_schmidt_werder_bremen_2025_26,isaac_schmidt,werder_bremen,2025-26,Forward,2200000
keke_topp_werder_bremen_2025_26,keke_topp,werder_bremen,2025-26,Forward,3500000
kamil_grabara_wolfsburg_2025_26,kamil_grabara,wolfsburg,2025-26,Goalkeeper,12000000
marius_muller_wolfsburg_2025_26,marius_muller,wolfsburg,2025-26,Goalkeeper,700000
pavao_pervan_wolfsburg_2025_26,pavao_pervan,wolfsburg,2025-26,Goalkeeper,300000
jonas_adjetey_wolfsburg_2025_26,jonas_adjetey,wolfsburg,2025-26,Defender,6000000
jeanuel_belocian_wolfsburg_2025_26,jeanuel_belocian,wolfsburg,2025-26,Defender,12000000
kilian_fischer_wolfsburg_2025_26,kilian_fischer,wolfsburg,2025-26,Defender,4000000
moritz_jenz_wolfsburg_2025_26,moritz_jenz,wolfsburg,2025-26,Defender,5000000
sael_kumbedi_wolfsburg_2025_26,sael_kumbedi,wolfsburg,2025-26,Defender,12000000
joakim_maehle_wolfsburg_2025_26,joakim_maehle,wolfsburg,2025-26,Defender,7000000
jenson_seelt_wolfsburg_2025_26,jenson_seelt,wolfsburg,2025-26,Defender,5000000
denis_vavro_wolfsburg_2025_26,denis_vavro,wolfsburg,2025-26,Defender,5000000
maximilian_arnold_wolfsburg_2025_26,maximilian_arnold,wolfsburg,2025-26,Midfielder,3000000
christian_eriksen_wolfsburg_2025_26,christian_eriksen,wolfsburg,2025-26,Midfielder,2500000
yannick_gerhardt_wolfsburg_2025_26,yannick_gerhardt,wolfsburg,2025-26,Midfielder,1800000
pharell_hensel_wolfsburg_2025_26,pharell_hensel,wolfsburg,2025-26,Midfielder,3000000
konstantinos_koulierakis_wolfsburg_2025_26,konstantinos_koulierakis,wolfsburg,2025-26,Midfielder,25000000
jesper_lindstrom_wolfsburg_2025_26,jesper_lindstrom,wolfsburg,2025-26,Midfielder,4000000
lovro_majer_wolfsburg_2025_26,lovro_majer,wolfsburg,2025-26,Midfielder,8000000
kevin_paredes_wolfsburg_2025_26,kevin_paredes,wolfsburg,2025-26,Midfielder,2000000
mattias_svanberg_wolfsburg_2025_26,mattias_svanberg,wolfsburg,2025-26,Midfielder,8000000
vini_souza_wolfsburg_2025_26,vini_souza,wolfsburg,2025-26,Midfielder,7000000
patrick_wimmer_wolfsburg_2025_26,patrick_wimmer,wolfsburg,2025-26,Midfielder,12000000
mohamed_amoura_wolfsburg_2025_26,mohamed_amoura,wolfsburg,2025-26,Forward,20000000
adam_daghim_wolfsburg_2025_26,adam_daghim,wolfsburg,2025-26,Forward,7500000
dzenan_pejcinovic_wolfsburg_2025_26,dzenan_pejcinovic,wolfsburg,2025-26,Forward,15000000
kento_shiogai_wolfsburg_2025_26,kento_shiogai,wolfsburg,2025-26,Forward,8000000
jonas_wind_wolfsburg_2025_26,jonas_wind,wolfsburg,2025-26,Forward,4000000
aaron_zehnter_wolfsburg_2025_26,aaron_zehnter,wolfsburg,2025-26,Forward,5000000
frank_feller_heidenheim_2025_26,frank_feller,heidenheim,2025-26,Goalkeeper,800000
diant_ramaj_heidenheim_2025_26,diant_ramaj,heidenheim,2025-26,Goalkeeper,7000000
paul_tschernuth_heidenheim_2025_26,paul_tschernuth,heidenheim,2025-26,Goalkeeper,100000
marnon_busch_heidenheim_2025_26,marnon_busch,heidenheim,2025-26,Defender,1000000
jonas_fohrenbach_heidenheim_2025_26,jonas_fohrenbach,heidenheim,2025-26,Defender,1000000
adam_kolle_heidenheim_2025_26,adam_kolle,heidenheim,2025-26,Defender,1000000
patrick_mainka_heidenheim_2025_26,patrick_mainka,heidenheim,2025-26,Defender,2500000
tim_siersleben_heidenheim_2025_26,tim_siersleben,heidenheim,2025-26,Defender,1800000
leonidas_stergiou_heidenheim_2025_26,leonidas_stergiou,heidenheim,2025-26,Defender,2500000
omar_haktab_traore_heidenheim_2025_26,omar_haktab_traore,heidenheim,2025-26,Defender,2000000
adrian_beck_heidenheim_2025_26,adrian_beck,heidenheim,2025-26,Midfielder,1500000
hennes_behrens_heidenheim_2025_26,hennes_behrens,heidenheim,2025-26,Midfielder,5000000
niklas_dorsch_heidenheim_2025_26,niklas_dorsch,heidenheim,2025-26,Midfielder,2500000
benedikt_gimber_heidenheim_2025_26,benedikt_gimber,heidenheim,2025-26,Midfielder,1500000
luca_kerber_heidenheim_2025_26,luca_kerber,heidenheim,2025-26,Midfielder,2000000
julian_niehues_heidenheim_2025_26,julian_niehues,heidenheim,2025-26,Midfielder,1500000
jan_schoppner_heidenheim_2025_26,jan_schoppner,heidenheim,2025-26,Midfielder,3000000
christian_conteh_heidenheim_2025_26,christian_conteh,heidenheim,2025-26,Forward,1500000
sirlord_conteh_heidenheim_2025_26,sirlord_conteh,heidenheim,2025-26,Forward,1200000
eren_dinkci_heidenheim_2025_26,eren_dinkci,heidenheim,2025-26,Forward,6000000
mathias_honsak_heidenheim_2025_26,mathias_honsak,heidenheim,2025-26,Forward,1700000
arijon_ibrahimovic_heidenheim_2025_26,arijon_ibrahimovic,heidenheim,2025-26,Forward,10000000
mikkel_kaufmann_sorensen_heidenheim_2025_26,mikkel_kaufmann_sorensen,heidenheim,2025-26,Forward,1500000
marvin_pieringer_heidenheim_2025_26,marvin_pieringer,heidenheim,2025-26,Forward,3000000
stefan_schimmer_heidenheim_2025_26,stefan_schimmer,heidenheim,2025-26,Forward,300000
yannik_wagner_heidenheim_2025_26,yannik_wagner,heidenheim,2025-26,Forward,800000
budu_zivzivadze_heidenheim_2025_26,budu_zivzivadze,heidenheim,2025-26,Forward,1200000
emil_gazdov_st_pauli_2025_26,emil_gazdov,st_pauli,2025-26,Goalkeeper,175000
nikola_vasilj_st_pauli_2025_26,nikola_vasilj,st_pauli,2025-26,Goalkeeper,4500000
ben_alexander_voll_st_pauli_2025_26,ben_alexander_voll,st_pauli,2025-26,Goalkeeper,500000
tomoya_ando_st_pauli_2025_26,tomoya_ando,st_pauli,2025-26,Defender,3000000
karol_mets_st_pauli_2025_26,karol_mets,st_pauli,2025-26,Defender,600000
david_nemeth_st_pauli_2025_26,david_nemeth,st_pauli,2025-26,Defender,2500000
louis_oppie_st_pauli_2025_26,louis_oppie,st_pauli,2025-26,Defender,2500000
lars_ritzka_st_pauli_2025_26,lars_ritzka,st_pauli,2025-26,Defender,1000000
jannik_robatsch_st_pauli_2025_26,jannik_robatsch,st_pauli,2025-26,Defender,500000
manolis_saliakas_st_pauli_2025_26,manolis_saliakas,st_pauli,2025-26,Defender,2000000
fin_stevens_st_pauli_2025_26,fin_stevens,st_pauli,2025-26,Defender,500000
hauke_wahl_st_pauli_2025_26,hauke_wahl,st_pauli,2025-26,Defender,1500000
adam_dzwigala_st_pauli_2025_26,adam_dzwigala,st_pauli,2025-26,Midfielder,800000
joel_fujita_st_pauli_2025_26,joel_fujita,st_pauli,2025-26,Midfielder,10000000
jackson_irvine_st_pauli_2025_26,jackson_irvine,st_pauli,2025-26,Midfielder,1000000
mathias_pereira_lage_st_pauli_2025_26,mathias_pereira_lage,st_pauli,2025-26,Midfielder,2500000
arkadiusz_pyrka_st_pauli_2025_26,arkadiusz_pyrka,st_pauli,2025-26,Midfielder,3500000
mathias_rasmussen_st_pauli_2025_26,mathias_rasmussen,st_pauli,2025-26,Midfielder,2000000
james_sands_st_pauli_2025_26,james_sands,st_pauli,2025-26,Midfielder,5000000
nick_schmidt_st_pauli_2025_26,nick_schmidt,st_pauli,2025-26,Midfielder,125000
eric_smith_st_pauli_2025_26,eric_smith,st_pauli,2025-26,Midfielder,5000000
romeo_aigbekaen_st_pauli_2025_26,romeo_aigbekaen,st_pauli,2025-26,Forward,100000
abdoulie_ceesay_st_pauli_2025_26,abdoulie_ceesay,st_pauli,2025-26,Forward,1000000
taichi_hara_st_pauli_2025_26,taichi_hara,st_pauli,2025-26,Forward,1000000
andreas_hountondji_st_pauli_2025_26,andreas_hountondji,st_pauli,2025-26,Forward,3000000
ricky_jade_jones_st_pauli_2025_26,ricky_jade_jones,st_pauli,2025-26,Forward,1200000
martijn_kaars_st_pauli_2025_26,martijn_kaars,st_pauli,2025-26,Forward,3000000
connor_metcalfe_st_pauli_2025_26,connor_metcalfe,st_pauli,2025-26,Forward,1500000
danel_sinani_st_pauli_2025_26,danel_sinani,st_pauli,2025-26,Forward,3000000